{
    "rmse": 0.6938743017133432,
    "mae": 0.5512831957399414,
    "r2": 0.2555605731355276
}