{
    "rmse": 0.6692803900512352,
    "mae": 0.5150292341012197,
    "r2": 0.2844183226053222
}