{
    "rmse": 0.7384012690029892,
    "mae": 0.5641685608274013,
    "r2": 0.23518525169697735
}